[
    {
        "controllerType": "NSO",
        "variables": [],
        "variableProperties": [],
        "commands": "logging host 34.23.10.505",
        "_id": "63dced0081b69900260da929",
        "name": "GCT_Test_manual",
        "version": "1.0",
        "description": "",
        "nedid": "cisco-ios",
        "source": "cli_config",
        "base_template": "NA",
        "config_template": "<config-template xmlns=\"http://tail-f.com/ns/config/1.0\"><devices xmlns=\"http://tail-f.com/ns/ncs\"><device><name>{$DEVICE}</name><config><logging xmlns=\"urn:ios\"><host><ipv4><host>34.23.10.505</host></ipv4></host></logging></config></device></devices></config-template>",
        "originalNed": "",
        "nso": "",
        "device": "",
        "config_path": "",
        "configType": "",
        "created_date": "2023-02-03T11:16:16.648Z",
        "modified_date": "2023-02-03T11:16:16.648Z",
        "__v": 0,
        "controllerId": ""
    }
]